rainfall,dam_level,temperature,evaporation,water_release,target_storage
137.38499535539313,72.24975335808973,29.55706528518985,41.194843492688015,95.56722152333276,58.05256040664125
115.16074945900854,64.06003307537485,35.45649984282078,37.39706946330215,68.97628567342933,55.52871180922974
142.66909883352423,77.19145429195079,15.608594557085153,30.477042959361395,63.63602233155386,63.03079634138684
173.3060449742809,103.36318749230334,27.377815420143424,24.82450577835541,79.93251085178096,79.27746882975525
111.80463188468325,44.840417428279075,20.096144585269037,35.58578650890872,76.59630754950143,23.975004978948306
111.80520650677869,66.51935053229204,21.077247697411824,33.147883083374,70.9354390134545,36.3961493722903
175.2724485427587,104.64875986635994,20.445636454566785,37.161545760221856,93.92774894913431,117.88794191509365
146.8602155203518,78.51791017418283,18.816055381921103,35.081374413455755,99.10610417141021,75.33647904835681
103.56839649227668,64.31280897366521,24.291129767668963,38.39642172255468,81.76813772583695,21.38614564072693
138.98960152550876,93.28941279096742,19.014299301533775,25.718118307515457,109.55060162110524,46.84941897068894
103.78038075156383,41.24686071355809,25.62274095467903,40.539152525074606,57.1662177173299,39.48156488438073
103.69945862504102,51.882201111229726,23.69857134330518,31.580796837539197,76.12681081440564,43.13631742309581
128.4686795048112,64.16269643500377,22.566311718801543,46.602086981002124,65.66355358794391,56.3561719835151
53.03519143697707,18.95221905912559,18.554618027750415,24.486497455283455,42.6692676585388,8.776647822233906
59.62787586204385,36.080940123315486,20.539372016590004,43.887710425322,78.34638628314602,6.038925874331047
100.31993647656596,55.373875755114554,28.53234735495454,31.583286267701183,77.56504983233432,39.19153426863666
84.55091078829517,46.11577960651465,27.005503125746284,24.788655971084413,110.26899486484263,21.677927559377135
130.99865664083458,58.57827484058358,18.134668531208693,26.128913327565428,92.61623369109554,23.73806619343936
88.21915735675762,56.837327200373366,24.595993832575356,27.437221534445438,59.5162635134159,33.010271525866166
70.5693704532648,25.129174953283563,28.508322740230735,33.39332757121533,117.08185132668376,-7.376066221241315
171.2977069122544,103.39716481955766,13.98356831327177,34.182683904284,104.42067391050706,82.13903762388443
112.09782948297125,69.28475855139038,27.26016115427961,25.41039996849137,91.64195406937232,80.4762618140008
122.36348716407734,85.69156179955874,20.02425744632492,29.80516326191214,75.47031802300336,62.426144639248974
70.133813482529,20.714234055229007,27.423592011558956,47.13816286889491,60.81121526553041,4.630611036891033
100.9466046416186,24.465085118642424,19.4204450607449,43.82034536080569,72.55586447857894,34.48002664091102
123.88229063984531,73.98933702408833,13.170707396012887,33.49058935739226,101.77497239408372,55.0577759974355
79.7152247902194,62.244000972414746,14.234745372701024,30.304027825345603,117.69172611869217,27.933620004118705
133.1494306420985,91.19653079332188,24.288509679968293,30.96025061374609,110.86487056544378,64.01391093598721
98.97764585284182,57.705028011632606,25.55833501032889,34.908143781843336,70.22301156427451,61.06442751684749
109.79071875723531,60.993190466279295,18.57410024937355,21.817659478412757,57.607651334219774,36.32983573226883
98.9402685719711,65.39715361300101,27.831554752664243,27.94098770061324,82.81772493822407,43.975135032946376
184.82973645781283,106.24103484828883,14.030879626386241,16.651327408979284,44.63121268874297,93.2148973387381
119.52759713417231,74.15806958556365,23.6035212081161,33.19378498084223,86.46335428369562,55.61756028922258
82.98011748654349,50.19738607851406,16.73390280142526,35.17756751762193,77.04794827402662,15.412954528285676
148.78907192361163,100.78136874993511,20.088983353187047,26.13450830160501,70.67926996263516,72.23060567885491
77.27047225101421,67.17443382568995,24.284392027898484,42.59189410632026,48.10593865466409,28.700270614079336
127.31022582516644,81.62733778415054,18.837519808296285,20.193874695981272,90.27200213139433,70.6307796715964
51.41154566420785,23.75661818507976,21.69266673462105,18.28500095832144,69.34598320676177,19.86286830193847
73.51348828855492,39.57912062852082,30.037756855286645,31.795614548479776,56.60166328579424,6.620472882479611
126.89014325541932,55.19363746190707,20.53864878286111,38.37678642089723,22.554755734367014,57.97276251803261
145.84633029983937,76.98512800108928,29.01415267239085,43.47142153166295,79.44970189898727,50.777195438163936
125.99788984164897,71.22357254167868,17.22175887205429,26.328925897048478,115.44503193339489,32.9542939036239
115.95231011641158,60.470755929459,27.178825067491697,38.62944666745037,113.2251842909574,32.42840490405307
109.46137065437489,65.25045658468233,32.6494117239474,29.69193224399434,70.85807486827457,40.41687673219235
68.25173033714003,28.984679995200658,9.170132999236264,28.618981600473443,67.95575879276439,46.42614829759917
94.80545270618519,63.56653105729175,19.21862846717714,37.069279499893376,89.37548512150047,38.22758234781912
103.87764301640743,58.71789285301996,27.46243276308324,35.21858302730736,60.03229121623417,24.073393780987953
156.99927791766206,97.60931174906268,22.781727683742044,17.388862744126005,86.03583799638932,72.19456054999158
132.02664013489616,72.08528822310153,26.22687524022785,41.81232279780717,95.32160556769381,61.3563892450265
58.293594562304314,29.182560595792694,20.376088879705076,41.04073083317961,104.53866447768615,25.23096155855661
131.34293892881783,87.375018353427,24.5195387248374,24.995498387923764,77.99691847040094,43.877815175629046
106.52212018542892,52.276468896544976,23.065936587647524,33.16642826749927,75.92652499646069,15.077501607876172
96.30772998929145,47.530799229721396,31.006692369958845,33.95224149026191,62.440348264868774,55.10109437449887
141.40867010943037,80.85702775171528,25.526525059807277,32.08539012659126,63.4623929192028,70.46215701000582
156.08498328735828,81.59714020974158,26.025615972451213,25.597558769236638,75.47042216196947,61.7005343111718
152.59480416906695,84.83729084855464,21.528738203265195,24.62701305649559,87.34731013632356,76.6893860318403
90.62738668720765,46.696700753221265,21.07436265556504,29.795567432068438,98.27169252466499,-6.256966728219929
109.1775668452075,69.86385221799341,21.404650873082275,39.381832154074914,63.9364209863931,45.81022796134355
131.59422009912473,79.57465604526146,26.36671285426978,34.348801236755456,109.85377137919043,54.771981159559466
154.14407944928257,95.37077941988133,21.47409311507842,27.035085343311152,74.57752797914863,87.58870505750474
103.22890167541485,66.5643682894027,25.738649141378477,36.173589685186755,79.57265411303128,26.956378128348117
113.5019358167664,70.59962563816435,36.45240479187263,7.211659034959396,65.05576641704353,56.171474315065296
81.27827590978902,46.93799643990755,29.226748220590153,39.19012560297683,31.515194794541166,19.454338527767852
78.13276815717651,45.733509330395975,22.043858806992954,16.0822897697752,97.680907927221,26.563631667034123
148.43840378379693,92.36346783627054,31.20728353298367,27.100472468774942,94.73687794184866,56.62172971809726
167.4684009999788,97.76621386312269,21.55154776187069,21.04264084299085,74.37344885763574,80.26153104345573
117.47964574468831,47.06296110272493,11.771252788932877,19.642548194232752,81.33981434449744,33.461676988071474
155.12365142622085,89.66592823042348,17.951482134495578,39.28661429902816,90.31878435408198,76.45988944363228
132.65726087666718,93.89010333345685,12.775248473844865,26.258390389504868,48.74908286226915,83.31509600070808
97.42080858882065,64.39267184168791,21.890919095752146,32.77203105384572,69.4189464530741,36.562315698939734
132.64884619279448,88.46956602898648,24.11051027513731,29.624635368966526,95.88529359243654,59.43415896597525
173.83127982630893,116.89755745071675,34.0586238736517,33.81632661778497,54.914211536615014,75.51859018028111
118.7460886311517,70.41788973774247,25.961564242584977,30.61457512848204,85.87115864333259,44.23304261254781
174.76252795349023,110.63478469220175,22.685396827146814,19.736062206491443,52.8683639075319,96.86555584931442
28.308921356858946,2.731746288720535,28.976433487100934,37.97013455557712,89.32859964867053,11.541417584526027
148.76658765313283,87.02506658058847,10.733188145952688,26.0499473347095,79.28717035405033,58.77773694470995
123.046647388336,81.75119609744932,25.413687348651397,17.54734481072199,47.69736368188981,82.93830754199544
109.53474273369464,76.59265747052152,28.6251911633218,26.5750787122727,103.29478708914343,55.13510992042603
123.21162717874257,68.19157532810405,15.128482525320951,42.00607832507448,65.30816846403901,54.747190880023915
50.435087988968746,19.080471060088584,30.862524259241574,36.80177393690794,63.79495125971238,22.048499204507447
112.31148392568709,66.20504840907829,26.030978444966486,27.210782924737128,84.01138394461886,49.30704194792905
132.49894000291113,85.33489389982023,21.50827251659519,27.20593836545257,102.9727469885743,62.179074429422315
171.72629156595306,90.32681145896885,27.79669119663771,27.42691959026094,59.68356362043206,83.9194750984471
101.86054236042234,31.594047035780463,37.62415714682638,46.61398386848673,81.23359699695943,35.70344898177488
91.70272389873844,45.83753113480105,25.09119753035097,33.055483617852424,88.57633000661146,39.07140174111261
102.43850347454122,46.01781970492808,25.489323517802017,33.44033317752856,93.86211214526288,22.067515100332383
152.0390741195726,84.18342929318541,21.243834602758536,38.24226763225474,83.5288311055445,50.68579557003825
131.50628883808895,76.02370623853007,18.90093378321125,31.910313272212107,72.65944321833355,56.41023681906564
101.45839286815364,54.433555565711146,28.982014899265472,27.927662833434376,63.44819558702561,29.692318263571032
137.96436015896745,97.09420914620625,18.863497044546797,28.429201207320173,81.7228776609275,67.60177992625971
123.39771422718141,76.11916441251925,24.429397423316356,29.42718992468749,58.557219760287865,72.81592601986176
153.9025746686511,95.6158616037512,21.1340553194093,29.702222107921266,21.572990330107856,80.8387173048551
95.42814171429266,59.295104467450294,26.87387895447835,35.82103634909584,88.73119608315335,30.658437794769227
108.53182486907811,51.55346321547848,26.00197263172169,30.415567086458395,98.07869682172391,34.93860074916281
106.27621464037449,70.50537723601495,30.225239665547395,35.86112061772464,32.741351289163234,60.84195681425503
68.77697681537585,36.60882522485687,20.93990160687152,29.35426735913134,59.805385905801245,-7.10828624212661
130.36420969726015,83.78427209499904,22.380750388239772,30.629081522528725,92.38308522010395,49.685532000817794
129.13693452629613,69.71683648075515,18.127417705306158,14.014394523743139,121.14990939423397,53.89450472068556
120.17897098248613,53.24608812905039,21.33424043954333,37.33062139761985,80.41587415350816,56.63511794848964
111.78945033186986,72.6490623441697,26.263802958269114,32.77190780718394,65.43994117541732,42.970464078747355
70.4620240282355,40.068390659608944,28.541931699872112,37.984080878877215,76.3420711779032,-7.731713183158002
105.27741370321243,57.70231411990035,18.467008054934247,6.829956974450486,107.4975283829637,48.68863948283633
108.00499192156306,49.829864526707595,29.217635520633962,46.706997638245824,67.0807164175093,26.607462380072775
91.92029557724334,63.781719225666215,32.13382715282971,28.88328297475861,64.01615986699493,23.123443890907318
114.35500009168967,52.72026549744997,26.480609419342205,38.86546253390013,70.34512955635935,32.71894220446591
134.14177998850886,98.19869837934145,35.260774875348396,21.68075258299575,60.93342783482575,68.53901356256216
186.01650654236857,103.17897409593576,19.357264805378563,34.90219124050056,82.4534063198959,82.69820454624868
126.11022344911436,82.96239562435548,16.532071780131496,21.57267549461075,112.49356916939121,27.86931908615587
129.01426367529675,74.32062455284465,13.327678506574328,25.009848314433558,86.46158546232058,68.03900824724442
117.39439294818415,71.01016701940956,32.9762658689351,45.31225083093429,74.95292995747425,59.44883465770549
52.84300746453354,21.78817963233157,27.926193938124346,28.474540793893226,74.16377462168911,11.659433873205767
119.0720143592774,67.83401452644792,23.66649197453727,31.739462985437783,48.73618382606686,40.85303404380851
122.10805734793593,70.53929356873806,25.679811757918923,36.960541845510036,97.66219554294318,42.74690672232979
206.213473936985,115.5255197252803,17.24706571620974,33.96545510378084,78.44325605974396,104.68639179222335
113.2673662326607,73.23119369514357,38.67451187770096,31.20335124114861,76.39040172818748,53.34650277310327
130.55415698167644,71.4981443684414,24.775327091851366,32.919688019729804,143.86215135689721,49.42917129424977
118.78508806031648,62.61747691532898,24.656368767629356,49.2273246819062,85.97505816731372,30.897656608986612
79.09626868331638,34.0843184921377,28.35459974339215,29.539049623731316,64.96417899809632,22.39903840845581
159.99879850802571,70.47368434883369,26.886055390420278,31.60879237371974,71.47284807588913,74.34249807022947
146.3176561440371,83.5948900756072,25.34330414567479,38.4052351680609,102.9689141839351,76.65417564798389
147.68611814650666,110.41107914544253,19.25715326732813,38.84420746366387,82.26540821075528,82.56179247338011
88.17143908218414,55.28341767127917,26.828810142815975,39.496242444483045,51.234440433652665,42.37494167893895
169.09780088276347,100.94350633239394,35.2921469788502,35.10984177623348,98.38457869150407,76.92646683073538
70.93521280227017,38.2649898548539,32.072520276929865,20.85596069815613,66.63711828922013,37.844012043832144
140.53999828300945,80.80879474747442,33.55911975983638,43.067452258408764,117.4659555243509,54.995936194116005
196.66594690334927,128.0967474249665,20.93270594141289,20.829236855850496,101.60096131429297,93.29161357233693
85.33122862042592,35.55189951971033,18.062371078448514,32.42108372191227,71.05356208682498,41.03626415688662
100.17957946390298,70.26849529826437,23.24527847940211,23.965793199845137,105.62032723470226,46.24902820481289
123.48779777806745,80.04915840334228,24.334349473732168,29.48689322725606,81.35711021054807,49.50254375641209
102.37835210593303,65.57026130532887,30.565149110825693,32.63009928242784,97.05547350244439,29.481037443902963
65.72677991268536,38.96444990044221,13.845212221711083,32.57085772360219,89.6946563458895,16.98654454803711
122.39970411821096,71.41213274530645,33.17730191676368,33.37536603388228,63.07286690018253,58.02855237954746
82.81937001958633,49.83378033428202,23.051952608526065,42.909690152469175,67.12900335365076,27.32154620563722
136.57573507223137,86.28530053133623,21.43871358031548,33.628274412111836,100.59921635162323,61.97050741878088
87.82015180181689,46.53100483235204,17.927373748438995,28.04674691767481,73.30449335786918,50.440379687915254
174.24770417561388,98.0968156486033,14.070859968805383,37.71269734630686,71.92703073516006,97.79402583661114
92.5861347682317,51.32060957412119,28.939023503771487,39.51576391139712,60.89754841301294,33.53850871023952
108.72784693280136,81.11851765154674,24.439907803130424,20.17913747890406,88.47198131186923,61.20061559049714
148.47310260793844,75.42164579892126,16.260234601553677,34.77920055879886,121.25049838486291,43.69729032601897
76.91974892481156,26.420238658981315,16.229527367618303,35.60938193848719,58.64934171491454,23.788983116498557
127.96109771114453,77.91744893132912,21.98529180425923,27.619491973120063,80.48438913345517,78.88475810351161
165.749996399885,97.99496105186219,34.014129151736356,41.00565450649296,108.24441110830858,67.21648605702146
63.73808679035704,35.96328423150121,22.442451891818372,28.799555303739787,78.40717217508569,3.4100125833452424
126.46218504863064,76.88879935375184,14.981142281291362,31.004611627772338,89.04743592499467,46.63595436705586
129.09589779869484,74.52645467137134,22.525541615484336,28.61542540572904,58.75212943706241,47.38793194483014
147.36380051220587,103.1539466237917,22.363658581513977,30.12463238065174,88.56614194415297,62.895281761034056
76.70672511926713,28.542881716548884,7.818680142350569,21.229799304838387,76.25711469990902,17.268772968596064
73.78401854205032,35.05474356971884,23.674230800893127,18.479592939245645,99.71459991359725,-0.4327681214465784
138.26795479659143,78.15261288984401,22.61439281874793,42.756040505799774,103.74772103129501,52.792898896495664
130.3944635631615,62.51843590114998,28.17723818888051,23.224309213453378,131.79127284037227,53.83415419382238
128.76724976210568,76.42295299996059,35.093736569672075,22.068861204349542,91.59266346427151,43.59697024156073
132.12568733239414,99.3031786505438,30.759390177286544,12.772879091170282,86.51592633164333,86.69512139069619
96.19913474475283,56.51622596242796,22.386667856671018,24.88830601848398,83.88768603154672,41.5977655939645
128.12887940063513,80.73696025441467,17.360844547549977,19.415281652740013,72.93667414378623,75.26685284010789
130.25753656545385,61.28172079554648,39.44015881949916,43.13612128109095,86.76967686923382,35.959683505570936
94.99770036907712,46.06525698082009,24.35531060408693,38.07853671474108,74.09197179721941,39.23085586969188
185.30210789006648,110.57070701565931,24.083575751477678,24.494797238578208,83.36921952539228,81.34766976189334
136.58415223191255,73.5976763724922,23.85524947733998,48.01948644275447,106.3519507121592,58.650501747911854
78.30437759790729,54.25075241469424,25.18850856460713,37.85412389593275,59.86914869440717,29.178462149371306
142.97937630218405,91.66316797068814,23.133837528456347,27.40134893193102,102.7975712225809,70.81184821217714
85.88614154204376,42.21022386270528,20.558027958718583,10.004754281011415,106.34230134679731,11.961616030897638
147.5479611309858,86.28933737427934,20.718846352557648,48.32754058072594,77.63862946017842,52.72319746348501
160.55084526525914,104.61941184091349,23.80348037870401,18.883420265891232,37.56290201982811,99.28328459218835
91.27611885769014,66.52176513662504,20.73945137319741,16.836810024344864,67.84356025811135,31.246022468183575
153.71816452355125,106.17707294197278,19.722925303937014,38.180563456077124,105.93989093122218,76.29303905181989
134.44733244277745,64.86031935684811,24.63858136615138,49.51801925071418,79.54263875402236,32.33703696568231
148.77210559980716,78.32474789075025,22.470136695474867,41.074182548084146,60.01395535410178,76.84363349410899
186.38775439288816,99.94844352612643,33.02395793149613,34.51127296041888,69.90450157543565,74.7782890407846
111.41141593989953,61.38771308653431,8.094181149641928,34.75803473332229,96.81240053009105,47.244418306934875
93.61923424748787,56.309254887769846,30.54904111153477,36.82732447024246,90.9346713640276,35.52697804523253
88.86699496310669,58.619034712336834,31.476511154985772,36.07142871829412,75.22135801660612,21.558371169503673
91.44664002620966,50.6184229326723,11.559658605551103,32.249531391755006,72.66351176370625,39.91024428214595
117.30144017050635,65.33905867037694,21.943874435517905,30.83360883161501,72.16483701912357,51.80499455272556
131.94031911858252,79.9039736053651,21.77135480402525,29.499254976803822,61.55179631002995,56.44759311527614
129.68417797655067,69.95121584619106,15.554929831693073,23.96828328906659,112.30751378938884,38.75292220734847
148.95141371626084,110.77515628625082,19.33309987445475,27.75459938506581,73.5535906157732,56.31086965259162
120.45506621572675,58.105096397432575,17.336544927205026,16.456345486436916,104.34317041650993,50.33134463546096
170.8736927005061,105.6119852978757,34.513622660541735,29.213282985642,110.42632103844903,59.05343081067592
110.73701083667154,86.69230145043474,29.614070358884767,22.09127114279266,99.9662179629592,50.25535528818771
215.20592083063667,134.65902561994534,31.629330569964953,21.171285462273833,71.36759374563903,115.44264077447566
141.89835717177522,82.473753509332,28.33003238425941,31.43915320922783,88.07460180673219,69.57361657906971
89.99948552543012,44.641206790736106,17.225689372696625,41.136018290756795,79.51608787218167,21.67176840175496
82.51876256786107,42.496645639480995,20.85287840232136,37.346532848018505,61.92596278539744,21.33681152135749
136.88653453351148,98.34573340079413,26.936247367367507,17.435995171014582,86.48718563443207,78.23372289852173
112.17880251359522,45.27685879368251,16.66723314664833,22.0829749074373,56.41920417680395,49.93923977832691
144.99001729322322,100.19630587758192,28.277990581034327,37.52616950390573,103.75358776923127,67.85781933312434
136.56331686007408,68.99155922162333,22.55804761105119,22.140100851693525,70.70765405403213,67.06448118433165
117.45098805700945,66.62588524470604,21.751075154702416,28.202934800023804,84.02319311745678,29.21695864611224
90.36221986760583,45.842894512908074,28.26575980922095,34.40041679219642,85.66575743092284,34.0963356845576
66.98034713599475,43.859447245831056,26.66557986891624,22.253244361090918,74.82190052591845,27.201397881553333
104.37197667765426,44.149790309345875,21.83420300508552,30.84300404916768,91.7338760295055,19.344811698883277
149.97395780132155,97.27285022151486,30.95597882018549,19.327796040654363,70.50192686754951,74.06269189530045
127.49328104455714,96.81646419973309,17.513620034400617,25.18905884839029,97.42594594914488,61.11710163891957
76.39914274508041,27.888138870089094,27.69561364166558,32.55825547314029,53.080406395065026,17.988601459791642
126.06133240479137,79.5229152062817,27.558607547810304,17.256050131746647,82.52759159092824,62.75081501329594
133.4861082905093,71.76519913494415,22.14272136411606,33.52379790368319,118.77857998116569,65.22870623797834
89.06498973296034,54.690390986207944,25.956798133452708,29.84289760858655,59.993373507888506,47.35701925290731
125.38037870809347,73.08374402558398,16.493318541688183,34.41991963533718,66.44510058950297,40.1648567166646
122.03730514560999,64.96155098607407,29.544162115241406,31.79131307251729,90.2781569931783,53.09352040664595
79.9960395759282,46.647867713116376,22.890587181342067,40.91312343979075,83.59163563879196,35.846319106286415
132.52255761218993,96.43269454049506,20.863661876885764,31.001796021183257,87.01260198547118,68.19568777794709
139.6274584228882,82.20762113985487,30.294055355021335,26.564755670997975,89.78374260295327,74.22650526633726
284.2322283200425,102.09240019765481,19.773937856743444,30.97838002425827,92.6944293712354,170.23655829385692
282.38952927819895,80.45467104700964,15.549232221818642,34.3463842322911,102.19399683912447,132.54208485645316
71.78157212150181,29.49593797014468,14.660224958856578,30.390880562605634,88.19637313857025,16.661416351602973
87.1761236029707,53.807359738326966,27.636059708073837,30.324733529631057,75.17484690762915,42.32509482214209
248.4472218341456,98.46219598997018,16.3174238850223,24.38406649754596,93.45147402405462,118.76046951611303
137.98250828192732,87.07056570621126,34.52876509190619,24.696792659592415,117.9976386979043,56.66578294221618
138.02666902071167,81.89196510183042,11.508423552697668,18.779157825602454,77.34732507234853,63.727742121341
254.84560217291525,154.6434019802546,34.17873820974023,43.99661394549551,60.50941390658717,157.13899428045912
139.98116787426085,73.47140824935495,25.26610480321571,20.049094116869718,102.14161338573945,48.652407806696445
159.74479740632097,103.76508197325413,23.419721328777644,24.45675841763274,77.59237672092803,100.22288915082869
153.3900617222621,102.46368527384286,20.730485479146303,24.25274187544642,36.546609079719275,93.19146990529768
142.79869379570295,79.00839888498723,26.394816686112424,37.15939501555553,96.94843354300843,40.62395000400334
108.9655764375879,59.21710256342118,23.77419178545091,27.640402573663778,69.29343628092154,48.45535001390794
146.56392271726435,87.92984791739485,30.61981129209913,39.981936581389874,78.18933435391679,39.30347436302248
92.95111749118499,49.89801025735203,24.68536589197224,24.612075006049054,86.63960661138029,38.38405395519227
111.71134876409968,63.893062225958964,24.901810568771264,32.23195329779042,83.80999359558133,53.08860022502931
103.01227582598138,82.12589128507256,21.818326726716865,23.317223573921943,94.1890363427808,38.8855912539021
122.86559487852129,65.6020814080321,23.658326257673597,47.161193022187106,71.29027258860313,47.777657176585
201.0130498335728,121.95027770966914,25.846810613352353,20.499212647763898,90.26211596352165,128.50915024945905
54.64571825928881,20.924657391732083,13.738989644060247,32.47856568181622,74.80906644832166,-0.9209885881752831
144.01910666310798,92.28678528415537,15.910887467365722,35.070215047456784,94.77620961775006,52.53914224528185
63.55494450836219,31.1708740033514,28.45958456413629,33.31039277961199,92.30734968026107,24.56596630493091
103.48238469736982,53.64039498783154,25.025192628767652,28.517698728978335,61.29122595910809,64.32492394109674
158.11327089385782,108.74630780320456,22.896099981883925,28.96143440213259,101.71964232350064,76.78975391290928
122.2498006683412,86.07077753559993,24.11060359839236,30.350491775832875,69.28073109771904,70.69685457106127
82.27893277247429,40.271074647978224,26.085490232170027,28.82398398697209,96.1611559656229,35.425856936734675
94.96437017590111,33.63368286713974,20.76144191814383,37.71103293435928,87.34574626802682,13.69926937055908
143.78592121271365,91.6149396834504,19.330171647586123,47.68418401273081,116.76367353590246,50.387707752376706
94.43716788990022,48.15284444085077,25.175071530586088,25.54006571993733,75.53068035256295,47.576298746527996
127.57605063536911,86.07029486377577,18.129763334309807,19.041576163367377,73.01366407763605,84.71932716805586
121.59501439663349,52.012285277395925,26.44951653428683,29.29374361318996,79.61160788224535,50.99875450711682
97.1939878337964,59.44264679965212,13.784498374572959,50.637674701234545,73.93640434331449,21.93819062784277
195.0380431263864,108.77035787528283,30.17493382395386,23.570603456242154,95.998838038841,118.88428928538225
142.1871657811304,88.95106533751188,26.83558489447826,43.11293444355254,47.67378783126824,62.25147106240312
49.120009466983745,21.215335203750893,25.536178405883255,43.421606512611525,58.92635161707292,-3.1344608306824537
227.74662183047394,66.30961795045401,29.896145903673084,25.571294066336044,58.64394156841614,102.62641146953034
96.83747373310642,50.23602863888082,33.99284666677546,34.551864633482204,99.00615183947151,44.54368149412819
149.83516671786785,93.49924968992404,30.08622039010878,43.0271729850283,114.2122674516385,70.13473568878811
92.26177415485547,54.28735321378337,12.954754612010127,26.966978072100105,77.91101562925057,39.8812482595704
115.98422454865853,74.14103648155762,16.322538199585793,28.371357119181106,76.62356553619979,57.417225203926634
137.67455476431599,102.91622826985754,20.25108853382593,25.34655268841085,81.40104326226363,71.57456782306407
150.30143179595424,76.58302801164548,24.156546301265003,21.881946154457065,103.23756605216381,70.30179928451777
77.98962575304783,60.66393757929934,27.105954122814737,24.805779639471943,61.45293731618852,2.1747743357931597
108.29245674556681,66.38153679337508,19.645537121079208,20.208477865901948,84.7673796546957,42.44300404547715
103.37691410936654,50.63898675133852,25.12060058686247,30.272667746073807,99.5039525956486,34.38843900020356
97.13347685992008,43.87357016367544,19.467702405880065,23.840214151530866,90.0218833987969,17.177048854715704
181.7908984098384,108.30530823504314,20.33089318204831,31.870287294325983,83.79163233197487,94.97959534843109
134.17435988363343,92.04162633601358,15.560033418910667,17.552834830370983,100.02092185134282,62.535336681189875
75.86906159827342,39.877638370673466,18.460600523334573,32.64704185771566,25.935354140015257,51.4136860649267
152.12516814691716,104.82585067475178,15.889892366301998,36.668231692871395,93.55750639061816,91.92615546392378
194.27546689544215,108.25476786666472,18.144760482136004,14.050114859428357,66.91848633745153,99.40301622922446
156.13628411929014,93.1195820593829,30.321850779647036,32.99245255878058,43.387342062870864,77.91964723850883
66.82205119160953,20.955060845468417,18.303606667008342,39.82135193978634,90.22405199049962,3.7800665647504483
103.0518074496812,65.53927570592488,39.79429238902435,20.322871850470356,107.47317090325916,30.331506541368196
164.3418902215318,104.84595777129326,26.959907405285335,43.38057909470163,77.25102970744616,80.48186984728696
95.23156870334267,49.35486370163011,25.109016742169242,33.35215207492836,99.05749094405877,17.44552706280801
135.533679985118,55.96477713557217,18.849853318912718,24.35990515393273,112.24556515977291,34.42588139553173
147.11219187002678,90.22394433879778,28.20185927645395,29.55384737873835,106.29828907168095,70.89531062746872
87.5574334947671,52.66306346389027,20.546173042573358,34.46661530017378,112.79929058742786,29.405503631744804
117.916612537837,73.03673491638622,24.732058887872167,30.608043131299294,94.84254982143784,37.11281200998373
6.555643097582461,8.041477946757404,39.360507229612764,34.31004793957095,81.50867277803185,-15.990003177491175
84.14643255329986,38.32599154931316,23.4236406016521,22.63461125536507,47.96068376205663,23.80499272199191
111.1601147012394,71.21751396223794,30.895639957714053,31.354886592288622,75.07875023740102,48.92960233997289
76.32758863123027,56.86543672888939,19.780941449244676,18.69028402476016,63.13506809367617,42.89320584696439
177.13439563760724,90.07393344707694,23.79006905701823,29.1101915092104,123.41885434995628,73.84766528564853
69.94505177137785,42.96861719351496,34.62480381381306,22.76873886828168,76.48228375135326,24.650381277716765
104.59844296560557,56.91824950274644,20.238197653273396,24.115760459281866,82.46409613568972,34.030253920919385
124.57592020501319,70.18693505182125,34.874691347981575,39.8887454016835,91.02970752080935,42.86322353239205
170.44456511731403,104.58311192044894,28.246511612732853,38.73048096475415,80.87204892744907,78.80329948755836
69.74482470871962,31.74357417771787,20.625199344634396,34.87310496725742,113.90102080861506,-2.7994336309531764
160.71073132542358,92.38952009925437,27.794446434333125,21.261497882619366,67.54701276531097,78.47785229079228
120.35815713568554,71.70714321246547,29.83532669776038,27.468732402441585,83.89214910474486,31.180902702710952
85.64719721332172,34.87202340007272,27.73085977330318,39.70478159983347,65.15058828603904,15.751420867161645
136.17362159921447,69.87116892335774,14.578651680657261,31.13373530911924,53.599549775585885,60.06770462243414
126.96708934507146,77.18368182389808,19.63717694505079,48.55463631985356,67.76461818189429,50.01043073960938
98.99240929944219,44.57049001426212,22.51488818669097,33.14654271515497,79.25926405903176,28.07523748493489
122.44307297465066,78.36702420963498,23.55339942539972,31.536392931920254,71.4139555096548,54.509952018326494
106.51402410983839,66.97826152833947,27.724032585304066,27.52706828637999,66.15158040252288,51.479959147164664
123.97310708379368,55.55737050699536,25.066206005599522,31.06832723825826,51.873650726563326,62.27202353711573
143.17457360823664,79.09276599475835,15.987933847739392,28.78024130895565,78.3378885474261,57.6140033203599
175.51058856508732,117.1067592444033,26.28118710603578,35.664869413508725,49.90559251937995,80.90596293132674
76.67645754106027,30.614637456703196,27.66351447170294,37.653618534356674,95.20111927379205,-1.770840529414846
194.65616811296934,115.9544455713521,27.35874268758624,23.712084315936405,81.64879505869007,94.78570083681343
51.67692701671244,33.37307740049761,30.48468435332773,19.350136371537776,50.84897001070139,10.164600867295881
114.68752167375459,78.55320492697304,29.003532927293424,15.310357015173627,73.81581845900273,46.156252947814
140.59110222696017,80.35284493325406,26.75508047537062,34.06393061530035,64.95687188818833,48.612276124238896
129.83471537072614,73.12419625640332,23.579005731248117,21.17306715060901,86.3834902083836,51.38017163033102
98.20551680627922,74.86306572697154,14.03423439890405,12.776875256380137,106.80900892046289,45.271675487791114
112.71572123749537,82.37705823328587,26.577709314795516,33.10862883624771,42.49655060708511,64.27584335903907
102.74496728694085,64.08681020946392,25.246126122978666,49.94399613946233,82.30052158294835,26.746320138260728
99.3722335069526,57.95727502824922,25.629473023172242,29.951432707680855,76.79734408866719,31.85725788878116
149.73607339573587,80.06880894191578,16.339508545078143,36.70792619561313,93.42680152900931,52.13627200533641
132.49554200877665,70.15399952304405,17.513660757550426,30.65463486838052,84.26393256475379,55.12339760542012
95.7481641658771,60.159227066859984,30.318917119997423,29.208882774470858,64.96061336522362,27.658634664370318
151.48599564016376,93.31172640901774,23.76266907686007,37.35261186390215,73.61892128666764,78.21136786209112
130.75548323068134,92.08759911778446,28.089004184235748,27.67780364649079,64.07948286393022,44.30764094745317
148.4501741593636,94.96232950080392,24.169910256782767,32.13913851257522,101.52014277197196,62.15258098088107
142.0370094673264,69.14985752377197,24.17853683697447,32.57358244956811,80.42623297343884,62.24829060881361
90.98517461772747,63.49602058603814,29.629702835855987,24.65527637085561,118.02381371506016,29.927148899313643
180.70859446759093,45.79119036330178,20.903731630695756,37.93633879629218,78.78678372370759,107.5193068420958
146.15527617931417,84.0111363104215,24.5767246616459,28.60032194643673,65.83186466179075,73.93839406861774
141.36295929017126,88.39941592011397,21.226348267769744,23.95403872405724,49.72571214774346,62.1891658035815
119.26844421125482,88.90814394801448,21.393022635406105,34.29207874856323,43.9372064748811,61.359060996944756
124.10645841580737,106.06531949391048,22.144967259188164,22.812256145671704,48.317281139890206,51.82693394782676
164.71827135259485,105.57774465581022,25.332802629802277,30.225449258953027,85.34253302022967,80.17217397043795
99.29500139074595,55.22802271006941,21.127508270019135,29.92704802684637,90.17450046459868,23.833745148874343
139.14840834095133,86.11973077476071,31.534536753441124,38.68716452665262,48.37618595935733,77.73180576843285
112.9232571648137,73.82727495010738,18.632356186682976,33.79758586303962,97.90076628152231,37.546246218338524
112.3811578870473,62.39113028849912,22.878770135031846,29.79978433003885,70.3387789663312,44.56771904807033
158.45718981955164,111.81375434343121,21.36161365035495,36.5421303936023,82.93586023971099,72.05980212857018
148.88957221458105,88.79851443335708,32.6818673061224,41.12166039213851,112.24441256510849,79.25834304389483
148.47283726002235,92.86915449722474,25.179328659069448,34.462482450814896,97.93678631731063,61.75906635005678
165.6917582504015,106.83818014361883,30.19106723681181,30.082820958747046,74.62938704188335,105.46595500317513
120.73513445714657,77.81737596799016,15.086637761778167,19.505310141198724,62.17615549169425,70.78689343496652
143.86835399532373,96.5340624278073,25.602301595215554,21.47909069539702,36.9636919734139,86.63567103306865
109.14066351922904,57.87934883073897,29.337784773740623,27.558202365162657,65.6169336151516,48.00435329358173
131.34582233709548,73.51079138397033,24.493703935652544,25.123902382725735,75.7773952234461,63.19325926482277
115.44499309713103,56.91164578938912,30.392882250392105,28.504229576116433,60.25640945697632,23.575768866058826
123.39485877474513,76.98837065999238,20.896269299397765,30.453199399176857,77.3748606581539,51.38164310353007
140.83049589029199,90.76980185509747,32.45608464111348,34.237542034853846,81.53703765917537,73.8379666156691
91.36227608682846,56.604205674075544,37.7933887417155,29.43600977552727,75.50288036383843,30.737342706626787
193.23355464899112,133.8737315676672,21.822968637362045,33.892013150609614,66.9999483835308,90.10758856159326
84.78939164751043,47.428195552971076,21.326984871595368,30.51579531848096,83.37309343933455,25.097836263839433
77.50339855242937,53.515558747711964,32.72030686270621,14.19626746916903,88.83881299138818,47.12155223692402
160.53388057250237,87.8086843983709,33.47743287438428,22.485316849449966,58.19201845114308,94.53037270725126
147.70819428870277,84.92750437435603,20.86283983708039,28.847299554227078,108.2186475949254,62.02192048773321
141.84419359682542,94.07349289927652,21.47887909742486,20.32244205727114,78.02823735431477,83.24878900535722
141.9920928242498,92.08602398320139,22.309292346836955,34.79942983996963,80.37699245889695,61.866844624820445
119.571362950358,64.22021477640348,15.933296933794338,42.24600665874958,94.16428846513114,21.94107522676144
88.5960969979959,46.933946826722035,18.48808832109481,39.750094813578535,84.66432262527003,13.570426963604419
122.65315953678042,57.472701973959595,17.97515539948759,28.292457032558335,99.0627326782649,63.0674757491918
96.29934009707608,48.54282678133346,19.393214609375228,41.92580909479962,85.74248330403648,24.401553854545824
154.1291906696213,101.29047065604749,23.791890675679312,31.18933965761689,67.75125250719124,75.41335677837077
114.85299164742514,73.5806666741281,25.405288395219124,27.303312231055685,87.23007050412204,44.39122019256358
91.1075981122621,57.95340131386434,33.30300295688446,25.092778691672482,57.125475853586764,60.183369463494785
108.75149554214524,64.29114834718025,18.009875755567254,27.580242508094972,82.17119411553047,63.541788960953525
134.45260089964685,80.74117580813467,29.905934390859503,26.89458545167017,79.33540018711078,86.96709890751367
100.26964065186088,50.73122258422413,22.716066934646946,31.3633297790039,75.83766285454921,32.98478212820717
91.2222861551749,58.4616222407893,23.703217742085403,31.284591848398918,77.42924977122138,36.63238024899335
128.52905240221693,80.24752146502807,28.048916952999623,30.024368161227315,42.36301909004722,46.03774369138038
128.5738299888053,80.11930163315874,17.263667870626207,33.4955053579708,69.02550184518077,77.1798900229659
102.25698886201046,51.32540178405831,26.294458477104303,39.52517019829073,81.85689802282229,17.793081561492567
103.51365930335871,36.351341077588074,24.998713249278335,37.59643308353059,83.19712783994801,30.23726034837826
128.12174780751727,89.72045912932298,26.954707584048894,18.120816252400772,59.44649718148084,54.52056642742795
69.31704804759366,37.87554894065575,25.735011863446907,9.568630920784361,105.31415681729402,9.589039410571159
70.73876789682058,27.983801670023624,38.731800839465365,37.47455928991419,62.676503035709985,1.992188445445068
94.85445225616473,63.82394048247785,20.173560094492103,19.06497041267663,99.38914401053474,29.10502561594781
112.52934969008534,62.17348170314954,20.814018269989095,28.20187678485853,88.5438872374337,36.63801029541033
130.88176479593017,90.51273700993954,20.261156841451413,20.639095791525122,67.07545380312393,61.351033548246455
171.6374675932343,113.83837430652932,20.66713728503847,15.584156499359842,115.50621785219025,96.20373725260262
150.0180868120707,95.76452420344116,20.175677236160894,34.331701825638305,56.1272633648704,63.21605421379626
114.40215145128005,51.683531010721396,31.13409918664531,36.07324128242117,98.38308347220003,37.04799717383175
119.3344327234059,83.33984192553127,32.52302548793913,25.387916794186246,100.01164636085957,64.98779109351665
84.91147223767669,55.48704685111823,20.575522237503144,9.271661662840721,66.58759581846711,32.28692653251403
119.35204024026635,67.47854366021605,19.005866561374628,25.630044413980137,107.84930600128658,36.601127191566704
109.89694763779517,64.58329262718428,26.828493338318424,33.13443204322037,74.99906970802094,40.32706579904124
236.33126930129964,63.037318056256595,20.68666173431417,18.16870744980697,85.77387258559715,118.3101317263288
91.0469169756687,55.40030430943305,27.797590906533063,31.466879358233246,85.20643677542441,32.03952092025796
138.17712799844102,72.05203781551194,25.217538125107797,29.877521206616034,77.31382517058904,52.81469718456768
173.64586195509023,90.68452441317113,14.905535310016608,34.634331996808704,96.21616546319564,83.81737825047276
116.19339480400998,52.562954023599275,33.28503120798037,30.956642947313227,95.86977441104426,24.002853324427292
241.30783849223332,92.71196330941328,34.77526603857313,22.215448472947557,45.029360535236385,136.1116293983164
144.15503970988894,77.51499887117095,20.323267857093683,39.572572013315934,106.08680485756305,60.76568241270962
105.95728348399572,77.02657050981617,21.673790640384095,28.73176341578424,46.750160239286515,49.72574592391693
127.84323686336458,70.29469840968387,25.71519234434943,29.781563683920545,100.65092408683314,39.147638676341444
120.44073402736282,55.57943346000276,26.00674073992215,22.533856327414433,102.53410273655166,31.842972399389765
123.4186634492091,62.443451344882355,27.951265636036982,26.45374199046792,58.18067139569604,60.04646783731872
92.94465756505868,67.04174904541132,36.0612272325981,22.921578287784794,71.78371424090831,53.395073680632294
120.857856099063,69.84451680487113,22.938316635035704,28.616431520612615,57.88590663028128,47.58106488444231
137.42994019359074,72.9231712006433,19.210216532769277,43.69366784113875,75.70157939422529,61.73727473885671
170.79002627282645,107.85750162172779,15.724084631912836,19.02479085654915,73.83931431628517,66.72740035214309
276.43406204336804,100.5683614508674,19.614419760348486,17.09150881698607,95.59321064538679,119.17641157130738
195.36138601290446,127.71654841242528,23.80123816275722,41.769362619948865,106.20617492239217,94.89847896082834
93.14283529891827,67.94648259752987,34.76734718110673,28.32541058278507,107.91367621579911,19.48388329470532
150.53122228522375,88.08575350482441,20.894332205782973,24.647418090720667,68.75663946843396,63.05128410579364
126.41697020084231,59.330744394934975,25.34272770983339,38.31923749916861,75.81556252510944,39.17974953973217
196.64310266261853,117.39459619894303,23.90146262356349,25.155075682105085,46.331236155580996,112.68582827844261
165.07720802262546,51.06199964690529,31.130359640688503,44.60807770837549,63.88259867007622,44.30974633656144
90.60973552367284,40.4028870856027,39.161594555241734,35.423406970714154,99.29703266194915,-8.304051141176274
99.02125740945922,48.26813098348947,20.814787362478075,26.09670873483438,112.31165647096464,2.5914478278422166
45.66364964915675,21.30463466091974,21.063363344890668,47.25846570612403,55.31302256240156,-7.676766386894776
101.59857424117337,59.26397958706486,30.26496526241443,25.154280615973292,68.15071481694211,46.23781835910077
93.43035684562057,52.07351115975062,28.091348937757868,35.936762976074455,79.47188486082146,-3.589776831911152
125.26378252666727,65.73792013452005,35.080243954416204,32.39434064325194,85.60322317639213,41.279228648846285
131.96145915220058,73.3674587280751,27.503569111955784,40.413930315190385,63.80792960156708,49.734992513443586
185.66597937255602,100.81753275602468,21.844247455277642,42.49208957381482,88.48122088928179,101.77537235246776
153.26483433651177,100.960118131849,27.543928984153855,30.256033192526132,70.52321305858167,72.37191313992584
99.8083720518159,69.23477092161022,30.652221483497446,23.972657037230533,79.71095458243441,46.009983812591216
88.55548650280747,30.67924331856569,28.922893087184185,33.67977714351293,90.925684960074,19.655285670664604
137.2171710027277,73.75148328935312,27.043644186643785,24.57827704198315,80.12844539621875,34.53822952497939
73.79183775427752,21.472627494326353,30.400048137534924,46.107097980212984,71.27228218946863,17.2936401594321
184.10105680490238,105.39237691695209,31.015773542674037,31.0922826486619,77.80780392148338,92.77595393831842
161.28040422524504,97.22852615112987,32.29295394622516,27.07742758950313,78.2327408158933,84.09167019838742
103.57885217633533,44.960441105902845,27.892259325537857,31.477442446919266,72.59977940235744,81.31446283027486
60.04029148181929,25.001843910988804,22.997291518098873,19.222989683762428,74.82407874665795,-13.421885120493448
167.38553309578944,93.20425086846946,24.880282118599936,22.22708769191479,111.97294341009433,95.84658018681957
115.99110541615838,67.56606399860354,31.23905379905014,39.603311263555405,91.21838895882478,37.58422036328915
163.32357091907116,100.66755302570155,19.098385974076585,24.744845768228835,74.09039363941679,87.07090697095018
64.19503194219715,29.103217194419493,26.212039853237407,21.62471213854448,93.93908809021471,9.320706210828734
99.02187419661794,57.559121444141084,21.639967126035835,34.29322202021829,73.3236102048798,31.416016177204117
120.18352949013641,62.781085013390026,24.172468937608905,39.48563323730397,103.46249275173282,33.05391402420369
121.64432078176597,67.41435078355723,31.670711175643792,35.751626485320536,87.39284384396188,49.33440856218072
104.24770849822647,75.00343605522094,25.14659440811942,37.96838148644653,77.85395711991542,24.223292052334134
141.79974763216245,99.588036655948,24.27861928893689,23.945639291444316,88.95433851620555,79.05629689030117
82.6332849716092,36.0594441957537,15.840863154120484,18.62551466606525,48.58247695863001,27.131171582451238
115.01671802425473,72.55552359064635,28.477521396163326,42.010669215643894,57.4646506218039,35.2233652006781
124.21034710991646,81.9960508440459,27.87290508684645,27.418561289262914,56.12149987201889,55.56231557471909
138.0053591920562,71.22251662022045,36.97952833983276,27.993335868359623,82.85886189527413,71.5993806653157
144.90652073311114,92.22062663037273,22.153330590281996,40.62555313479246,114.65029998970184,52.62040707941537
80.63752678567457,59.18125157601268,25.314901965983633,34.44984007520528,124.62600292385264,22.244380621443774
66.30600402425321,23.461679009157237,25.496302102264533,33.64710217665286,92.76102202881515,-3.19296621856527
164.71868876644783,86.06211479824628,33.46471967858085,47.32001875920867,90.01688949888914,76.12112084404359
131.6309904192857,89.52379490173102,23.42822680567829,24.851854156958858,43.97884531694522,79.02780743843843
93.80297122052062,54.33120414543241,25.674129154622037,37.422721024649896,69.14652400531956,54.50332401804037
174.2903191432883,111.18944394573845,27.647379058299236,30.456104999176677,64.24432496183522,89.10737829863267
124.04861220025005,76.00030553644098,25.11965473893815,32.148738230906055,67.58304803497768,63.516660797853675
161.27540144223394,98.17903329390845,21.32139831269683,42.22774741130026,76.63712362830421,76.91944408038512
122.36314684935381,57.7556526563899,25.164539957389845,34.06268605031699,70.55818844605746,62.72323139638678
192.12617737086956,126.77860019918043,30.441790499158632,34.30636863239707,40.414003792484245,99.26232131220992
181.43692948551217,119.98488941524104,17.840908203533637,38.58005869847842,94.95820512235068,99.33959845379852
111.28625480323242,63.272063640506566,24.797818044881257,27.080378163656917,58.54513948520387,46.33485532936166
277.20896991012444,93.84688897075098,19.79927511036496,23.286322661287947,84.78493728222298,126.59155395003063
142.58815823548017,71.96084621554697,31.170279773549055,21.64152644783173,121.48165339499947,54.98766661540622
167.9021045136322,110.71162867279128,14.860878571297352,14.269147284991986,61.61230816827153,98.49956421888507
86.22767887969634,50.15615142906342,20.64646891637047,46.44965703952258,29.394249545073407,32.051642620245026
144.0118010999454,87.69217727641475,26.263271250387124,21.174333074226535,74.27991556239779,72.92635701746131
157.04485703973558,106.2651979217047,33.39314417540604,28.229971011313825,102.01919269997143,92.91862016152453
58.444117975191,27.70153097385259,23.605498433562072,27.785493600888636,119.16694908441187,12.110922494883699
78.58595205669786,48.61211470017142,20.668802839840808,32.459253582472805,55.40900811095166,38.8878755576285
48.62687377839649,12.279350143957966,35.28694241664354,36.525897700314374,89.93398446473043,-13.524216127159669
110.57076079444047,62.414526030924435,15.311916597502536,36.88378790687796,70.69379086439893,33.43035449501331
145.11397895285867,86.24669861746766,10.807164260279508,25.335380491448493,77.88103291391728,82.1533463744932
172.582496823361,107.2659455831669,26.640086700319994,28.663026289708707,132.8868669403407,86.54547175494963
122.59331731469213,67.9252270652397,20.987674653884334,32.2606396039064,49.94059343209693,73.79840860778319
177.0015440949952,106.73365995739731,17.87260309721572,28.010470990531623,85.07479322989147,81.660717908486
71.6964489624788,44.14847238798629,28.25013868379612,42.858764608159944,89.35386343530867,9.994860632507365
60.381614622569586,26.39845722901156,25.462804282627193,33.92779961310601,101.71572649878695,-17.603529166078125
118.05583053861834,51.700763270615504,20.61552821557963,35.87902228839854,81.95966306941791,36.262769081623105
133.44229071287575,95.40756546808862,16.318173607974636,35.3030501493393,86.16101079008205,75.12968161756407
118.85568381670674,81.22378755279361,29.234743969680867,39.3877908598826,72.16702865156418,45.68048422652768
47.63952649860431,10.181022155629202,27.901207067751965,31.448172469629654,85.38253882490214,1.9907616552199263
116.8807986170524,77.9632610494477,23.404944817323702,19.62534441635323,73.1361544900518,53.57188752749167
74.34356748233014,34.99419525449588,35.079821976286,33.19750361402113,92.43143779712102,15.88374610470741
143.43853920905136,89.67263642677764,17.579491402043082,24.78914484966537,72.60779327912732,57.565242894625726
132.8309386133897,82.83958475233776,14.846848974451568,25.771066546001947,87.54200787804373,62.32354154937332
87.10420747854258,45.600928820379266,19.848551580712535,34.690912150040745,79.41474372630043,-10.003918325710966
102.01465789321573,48.49530483185899,23.726483901867013,39.90626457146909,102.52100501544336,24.602145885344445
82.9275267338867,39.45493870039164,25.46003669593615,30.170172613888493,78.97212552823028,2.896454256601384
117.80623159543899,59.294465357025004,22.55258365286202,32.47066410079171,44.53935063586237,66.2058443861288
153.42998121754334,80.50683581982825,26.11233237908578,43.617719557081905,105.23843001427983,68.49992059116512
85.49958837825596,46.92144318639569,16.490763454857337,31.926025435908546,61.88535398274762,36.068878723495956
137.64162804312457,69.60609210856266,32.66258762443955,50.813464913443156,66.9246732270236,71.02457732021195
101.44098335696458,64.12614054789009,23.507092929644585,34.524077165052354,68.08677411913015,29.20495153970912
92.24945087081795,70.85613013770258,30.703774989528767,15.913897926753458,107.48876186341634,56.40276881591206
116.25393740159048,60.75784365512431,26.056352078266226,36.02673296883626,37.28651572042609,62.59204003465781
83.76651871532191,48.57996540054746,26.740519314922704,33.04926707906222,142.75497067319986,9.382405709862068
100.62227431284863,60.321823898215456,27.418603681393222,40.318022032661965,101.12113618132103,43.58767917308083
78.07427375939031,46.62193795025654,26.68625136010389,35.38545081015967,84.4647782825832,6.664050721795697
188.76537965207362,116.23396142097629,27.856336559205264,28.892352128129808,78.90211998767427,87.10555728258817
121.23422431901051,81.17766646353277,31.97491518079459,20.205614109685072,85.71108149715315,47.66436971745945
95.50960722025951,59.8217807345473,25.17912701820882,28.3278139417118,90.42244856758677,27.20951106067794
127.48929687569778,64.69245965434918,28.254022545531072,23.1958363663256,92.90431171900114,37.55613612443561
116.06851826082095,77.7971444130358,23.46158583427664,25.35581240156222,91.11208932006897,64.7884311074519
112.2660640163372,73.16869317444538,32.64070329269684,34.70862723536488,81.79161362510497,41.35550222443465
141.49583450151988,73.4996223754993,19.94164618764438,43.359236034811246,76.05323159385348,62.41838892003052
146.5127698516557,87.32333569840627,34.805642597464896,33.15737223858385,76.97453432692977,59.086732604142234
101.43245983363154,67.65615494404156,23.75905229613394,20.432935503718525,76.10183439294639,22.56291617484161
99.8463615774362,54.41779149309963,15.41534938729171,33.55682134576112,102.67540193734129,34.303348833837866
110.37319059969246,72.57909139416891,24.768626489464737,39.57305189316521,91.87113444561723,18.162121622290687
39.43275923425453,42.98958425709782,19.913690055150717,25.121736765444943,21.192227306714393,17.205467593124183
66.96831282305067,28.43757734197895,29.043861293932345,28.927862666616658,93.11801553059522,-7.989428726122187
167.84059936055837,87.7565671633668,20.084256124185654,30.117505557833578,83.8947238943755,101.26354534534633
177.5738699725449,112.53099806436744,21.32289940071132,23.720813495342078,79.62582487108205,103.99059954334473
111.28373861552676,70.75349428366611,12.662755614326814,35.186243470750874,72.22963093822229,49.20923830050921
140.17949370695183,81.54990346828656,21.28616208450554,29.03241481113775,102.48225439972026,74.38861887792343
130.89375540902375,91.27448276126174,9.45672404022626,33.35625955125622,98.95052924245715,49.476974851011235
227.76082829593332,128.93346475072838,14.49658305908566,22.9000625775832,64.54244664352782,132.18784237912266
159.1851219002102,103.77443206609956,28.562487936865786,26.500333597412716,88.1410457424907,80.48939886460218
115.52288429817317,60.08650387056808,28.714800951904994,35.77905086262217,60.566865309174275,49.029506801473545
86.5560845789851,66.70090034259681,26.55274537070979,27.017334783265863,52.40763670422139,54.99415560030288
63.77437879098496,50.4245720433546,18.198143141224723,43.81571080986724,67.4656555082007,25.769410088690954
127.1212272553528,68.26150420937506,23.71373186314812,26.80291051508318,97.24786944765518,53.51325586856209
93.52772391504938,47.348079734192524,23.97838476545659,31.797477806015088,99.06250090752174,5.852153195872681
70.22112016408141,44.874425312704766,17.04981186484474,37.46072665498472,90.26170840194587,3.9369659333184455
97.36994905151157,54.75589185145344,33.02038981060291,18.653074136535746,94.50191573695994,32.05916815809707
82.14581987349618,48.96228836241169,29.26417374345403,15.913529504153793,90.32356574229917,27.99449030001311
179.04995722753978,112.18766903246514,22.674214957022016,17.79474948343924,67.17036809554095,84.10208950997536
150.85739149323078,68.8354047017691,24.161315033967185,40.100672827417455,88.63845089347882,87.53624864249801
119.7209575539184,71.28396124088947,25.250296847685316,25.585134832860426,96.00819050455365,66.35582291869582
171.7980448611509,92.15505284776985,11.749590789454256,50.465594285346015,95.08582659627149,80.86952630567092
122.70789076766664,68.45739597230038,22.516935704876417,25.486019210740892,103.77826742949286,48.264082166307745
89.85505295351078,64.97300184807608,19.908094512013207,31.476410425576297,94.16607694402127,29.36646414381353
173.309342704438,89.50178390995639,17.990279940630508,42.336879620543,87.02896415083165,65.08640835779119
138.86185152896306,86.88006958498752,22.313398242684272,46.04874310527298,101.40300476632855,56.383390143755115
83.69638459857403,39.99001353248224,34.78611916109713,46.49202861309118,79.4695748150188,19.693466866344423
113.33814626707371,60.95546092745328,27.845057167602057,39.66692984474514,62.36250697544564,28.886111315359344
89.3533611315335,56.43527864439096,20.57292606130322,38.1925002064917,76.73866072112472,34.080055926297746
71.60200941624824,41.256765167847895,27.43549668813695,34.74021559360946,65.10194710387103,17.239884858083894
